<?xml version="1.0" encoding="UTF-8"?><rss version="2.0"
	xmlns:content="http://purl.org/rss/1.0/modules/content/"
	xmlns:dc="http://purl.org/dc/elements/1.1/"
	xmlns:atom="http://www.w3.org/2005/Atom"
	xmlns:sy="http://purl.org/rss/1.0/modules/syndication/"
	
	>
<channel>
	<title>
	Comments on: New Post 3	</title>
	<atom:link href="/2023/07/13/new-post-3/feed/" rel="self" type="application/rss+xml" />
	<link>/2023/07/13/new-post-3/</link>
	<description></description>
	<lastBuildDate>Thu, 13 Jul 2023 14:12:35 +0000</lastBuildDate>
	<sy:updatePeriod>
	hourly	</sy:updatePeriod>
	<sy:updateFrequency>
	1	</sy:updateFrequency>
	<generator>https://wordpress.org/?v=6.2.2</generator>
</channel>
</rss>
